"Богданець Андрій Володимирович";"Голова підкомітету";"Комітет з питань аграрної та земельної політики"
"Бунін Сергій Валерійович";"Член Комітету";"Комітет з питань аграрної та земельної політики"
"Гайду Олександр Васильович";"Голова підкомітету";"Комітет з питань аграрної та земельної політики"
"Герасимов Артур Володимирович";"Член Комітету";"Комітет з питань аграрної та земельної політики"
"Грищенко Тетяна Миколаївна";"Член Комітету";"Комітет з питань аграрної та земельної політики"
"Гузенко Максим Васильович";"Член Комітету";"Комітет з питань аграрної та земельної політики"
"Івченко Вадим Євгенович";"Член Комітету";"Комітет з питань аграрної та земельної політики"
"Кириченко Микола Олександрович";"Член Комітету";"Комітет з питань аграрної та земельної політики"
"Костюк Дмитро Сергійович";"Голова підкомітету";"Комітет з питань аграрної та земельної політики"
"Кучер Микола Іванович";"Член Комітету";"Комітет з питань аграрної та земельної політики"
"Лабазюк Сергій Петрович";"Член Комітету";"Комітет з питань аграрної та земельної політики"
"Литвиненко Сергій Анатолійович";"Член Комітету";"Комітет з питань аграрної та земельної політики"
"Мейдич Олег Леонідович";"Перший заступник голови Комітету";"Комітет з питань аграрної та земельної політики"
"Нагаєвський Артем Сергійович";"Голова підкомітету";"Комітет з питань аграрної та земельної політики"
"Нікітіна Марина Вікторівна";"Член Комітету";"Комітет з питань аграрної та земельної політики"
"Петьовка Василь Васильович";"Член Комітету";"Комітет з питань аграрної та земельної політики"
"Рудик Сергій Ярославович";"Заступник голови Комітету";"Комітет з питань аграрної та земельної політики"
"Салійчук Олександр В'ячеславович";"Член Комітету";"Комітет з питань аграрної та земельної політики"
"Соломчук Дмитро Вікторович";"Член Комітету";"Комітет з питань аграрної та земельної політики"
"Сольський Микола Тарасович";"Голова Комітету";"Комітет з питань аграрної та земельної політики"
"Столар Вадим Михайлович";"Член Комітету";"Комітет з питань аграрної та земельної політики"
"Тарасов Олег Сергійович";"Голова підкомітету";"Комітет з питань аграрної та земельної політики"
"Тимофійчук Володимир Ярославович";"Член Комітету";"Комітет з питань аграрної та земельної політики"
"Халімон Павло Віталійович";"Заступник голови Комітету";"Комітет з питань аграрної та земельної політики"
"Христенко Федір Володимирович";"Член Комітету";"Комітет з питань аграрної та земельної політики"
"Чайківський Іван Адамович";"Секретар Комітету";"Комітет з питань аграрної та земельної політики"
"Чернявський Степан Миколайович";"Заступник голови Комітету";"Комітет з питань аграрної та земельної політики"
"Чорноморов Артем Олегович";"Голова підкомітету";"Комітет з питань аграрної та земельної політики"
"Шол Маргарита Віталіївна";"Голова підкомітету";"Комітет з питань аграрної та земельної політики"
"Юрчишин Петро Васильович";"Голова підкомітету";"Комітет з питань аграрної та земельної політики"
"Бурміч Анатолій Петрович";"Член Комітету";"Комітет з питань антикорупційної політики"
"Жмеренецький Олексій Сергійович";"Голова підкомітету";"Комітет з питань антикорупційної політики"
"Іванісов Роман Валерійович";"Голова підкомітету";"Комітет з питань антикорупційної політики"
"Кабаченко Володимир Вікторович";"Секретар Комітету";"Комітет з питань антикорупційної політики"
"Красов Олексій Ігорович";"Голова підкомітету";"Комітет з питань антикорупційної політики"
"Мошенець Олена Володимирівна";"Заступник голови Комітету";"Комітет з питань антикорупційної політики"
"Одарченко Андрій Миколайович";"Голова підкомітету";"Комітет з питань антикорупційної політики"
"Поляков Антон Едуардович";"Голова підкомітету";"Комітет з питань антикорупційної політики"
"Радіна Анастасія Олегівна";"Голова Комітету";"Комітет з питань антикорупційної політики"
"Славицька Антоніна Керимівна";"Член Комітету";"Комітет з питань антикорупційної політики"
"Стернійчук Валерій Олександрович";"Член Комітету";"Комітет з питань антикорупційної політики"
"Сюмар Вікторія Петрівна";"Голова підкомітету";"Комітет з питань антикорупційної політики"
"Ткаченко Олександр Михайлович";"Голова підкомітету";"Комітет з питань антикорупційної політики"
"Фріз Ірина Василівна";"Член Комітету";"Комітет з питань антикорупційної політики"
"Чорний Віктор Іванович";"Голова підкомітету";"Комітет з питань антикорупційної політики"
"Шинкаренко Іван Анатолійович";"Голова підкомітету";"Комітет з питань антикорупційної політики"
"Юрчишин Ярослав Романович";"Перший заступник голови Комітету";"Комітет з питань антикорупційної політики"
"Янченко Галина Ігорівна";"Заступник голови Комітету";"Комітет з питань антикорупційної політики"
"Арістов Юрій Юрійович";"Голова Комітету";"Комітет з питань бюджету"
"Батенко Тарас Іванович";"Член Комітету";"Комітет з питань бюджету"
"Борт Віталій Петрович";"Член Комітету";"Комітет з питань бюджету"
"Гевко Володимир Леонідович";"Заступник голови Комітету";"Комітет з питань бюджету"
"Герман Денис Вадимович";"Голова підкомітету";"Комітет з питань бюджету"
"Гнатенко Валерій Сергійович";"Член Комітету";"Комітет з питань бюджету"
"Гончаренко Олексій Олексійович";"Член Комітету";"Комітет з питань бюджету"
"Драбовський Анатолій Григорович";"Член Комітету";"Комітет з питань бюджету"
"Дунаєв Сергій Володимирович";"Член Комітету";"Комітет з питань бюджету"
"Забуранна Леся Валентинівна";"Голова підкомітету";"Комітет з питань бюджету"
"Задорожній Микола Миколайович";"Член Комітету";"Комітет з питань бюджету"
"Заремський Максим Валентинович";"Член Комітету";"Комітет з питань бюджету"
"Каптєлов Роман Володимирович";"Член Комітету";"Комітет з питань бюджету"
"Кіссе Антон Іванович";"Член Комітету";"Комітет з питань бюджету"
"Копанчук Олена Євгенівна";"Заступник голови Комітету";"Комітет з питань бюджету"
"Крулько Іван Іванович";"Перший заступник голови Комітету";"Комітет з питань бюджету"
"Кузбит Юрій Михайлович";"Голова підкомітету";"Комітет з питань бюджету"
"Кунаєв Артем Юрійович";"Член Комітету";"Комітет з питань бюджету"
"Лаба Михайло Михайлович";"Член Комітету";"Комітет з питань бюджету"
"Лопушанський Андрій Ярославович";"Заступник голови Комітету";"Комітет з питань бюджету"
"Лунченко Валерій Валерійович";"Голова підкомітету";"Комітет з питань бюджету"
"Люшняк Микола Володимирович";"Член Комітету";"Комітет з питань бюджету"
"Молоток Ігор Федорович";"Голова підкомітету";"Комітет з питань бюджету"
"Пасічний Олександр Станіславович";"Член Комітету";"Комітет з питань бюджету"
"Пузійчук Андрій Вікторович";"Член Комітету";"Комітет з питань бюджету"
"Пуртова Анна Анатоліївна";"Голова підкомітету";"Комітет з питань бюджету"
"Пушкаренко Арсеній Михайлович";"Член Комітету";"Комітет з питань бюджету"
"Саламаха Орест Ігорович";"Голова підкомітету";"Комітет з питань бюджету"
"Северин Сергій Сергійович";"Член Комітету";"Комітет з питань бюджету"
"Тістик Ростислав Ярославович";"Член Комітету";"Комітет з питань бюджету"
"Трухін Олександр Миколайович";"Заступник голови Комітету";"Комітет з питань бюджету"
"Урбанський Анатолій Ігорович";"Член Комітету";"Комітет з питань бюджету"
"Цабаль Володимир Володимирович";"Секретар Комітету";"Комітет з питань бюджету"
"Шпак Любов Олександрівна";"Голова підкомітету";"Комітет з питань бюджету"
"Абдуллін Олександр Рафкатович";"Секретар Комітету";"Комітет з питань гуманітарної та інформаційної політики"
"Боблях Андрій Ростиславович";"Член Комітету";"Комітет з питань гуманітарної та інформаційної політики"
"Богуцька Єлізавета Петрівна";"Член Комітету";"Комітет з питань гуманітарної та інформаційної політики"
"В'ятрович Володимир Михайлович";"Член Комітету";"Комітет з питань гуманітарної та інформаційної політики"
"Кабанов Олександр Євгенійович";"Член Комітету";"Комітет з питань гуманітарної та інформаційної політики"
"Качний Олександр Сталіноленович";"Голова підкомітету";"Комітет з питань гуманітарної та інформаційної політики"
"Княжицький Микола Леонідович";"Голова підкомітету";"Комітет з питань гуманітарної та інформаційної політики"
"Констанкевич Ірина Мирославівна";"Перший заступник голови Комітету";"Комітет з питань гуманітарної та інформаційної політики"
"Кравчук Євгенія Михайлівна";"Заступник голови Комітету, голова підкомітету Комітету";"Комітет з питань гуманітарної та інформаційної політики"
"Кузьмін Ренат Равелійович";"Член Комітету";"Комітет з питань гуманітарної та інформаційної політики"
"Лерос Гео Багратович";"Заступник голови Комітету";"Комітет з питань гуманітарної та інформаційної політики"
"Нальотов Дмитро Олександрович";"Голова підкомітету";"Комітет з питань гуманітарної та інформаційної політики"
"Павленко Юрій Олексійович";"Член Комітету";"Комітет з питань гуманітарної та інформаційної політики"
"Потураєв Микита Русланович";"Голова Комітету";"Комітет з питань гуманітарної та інформаційної політики"
"Рябуха Тетяна Василівна";"Голова підкомітету";"Комітет з питань гуманітарної та інформаційної політики"
"Сушко Павло Миколайович";"Заступник голови Комітету, голова підкомітету Комітету";"Комітет з питань гуманітарної та інформаційної політики"
"Федина Софія Романівна";"Член Комітету";"Комітет з питань гуманітарної та інформаційної політики"
"Бакунець Павло Андрійович";"Член Комітету";"Комітет з питань екологічної політики та природокористування"
"Бондаренко Олег Володимирович";"Голова Комітету";"Комітет з питань екологічної політики та природокористування"
"Василенко Леся Володимирівна";"Голова підкомітету";"Комітет з питань екологічної політики та природокористування"
"Задорожний Андрій Вікторович";"Член Комітету";"Комітет з питань екологічної політики та природокористування"
"Івахів Степан Петрович";"Перший заступник голови Комітету";"Комітет з питань екологічної політики та природокористування"
"Криворучкіна Олена Володимирівна";"Заступник голови Комітету";"Комітет з питань екологічної політики та природокористування"
"Кривошеєв Ігор Сергійович";"Голова підкомітету";"Комітет з питань екологічної політики та природокористування"
"Лабунська Анжеліка Вікторівна";"Член Комітету";"Комітет з питань екологічної політики та природокористування"
"Мандзій Сергій Володимирович";"Член Комітету";"Комітет з питань екологічної політики та природокористування"
"Маріковський Олександр Валерійович";"Заступник голови Комітету";"Комітет з питань екологічної політики та природокористування"
"Матусевич Олександр Борисович";"Член Комітету";"Комітет з питань екологічної політики та природокористування"
"Нестеренко Кирилл Олександрович";"Голова підкомітету";"Комітет з питань екологічної політики та природокористування"
"Овчинникова Юлія Юріївна";"Голова підкомітету";"Комітет з питань екологічної політики та природокористування"
"Прощук Едуард Петрович";"Голова підкомітету";"Комітет з питань екологічної політики та природокористування"
"Фельдман Олександр Борисович";"Секретар Комітету";"Комітет з питань екологічної політики та природокористування"
"Шахов Сергій Володимирович";"Голова підкомітету";"Комітет з питань екологічної політики та природокористування"
"Якименко Павло Віталійович";"Голова підкомітету";"Комітет з питань екологічної політики та природокористування"
"Яценко Антон Володимирович";"Член Комітету";"Комітет з питань екологічної політики та природокористування"
"Буймістер Людмила Анатоліївна";"Голова підкомітету";"Комітет з питань економічного розвитку"
"Кисилевський Дмитро Давидович";"Заступник голови Комітету";"Комітет з питань економічного розвитку"
"Кицак Богдан Вікторович";"Член Комітету";"Комітет з питань економічного розвитку"
"Колтунович Олександр Сергійович";"Голова підкомітету";"Комітет з питань економічного розвитку"
"Кубів Степан Іванович";"Член Комітету";"Комітет з питань економічного розвитку"
"Лічман Ганна Василівна";"Голова підкомітету";"Комітет з питань економічного розвитку"
"Магомедов Муса Сергоєвич";"Член Комітету";"Комітет з питань економічного розвитку"
"Марчук Ігор Петрович";"Голова підкомітету";"Комітет з питань економічного розвитку"
"Мовчан Олексій Васильович";"Голова підкомітету";"Комітет з питань економічного розвитку"
"Наталуха Дмитро Андрійович";"Голова Комітету";"Комітет з питань економічного розвитку"
"Підласа Роксолана Андріївна";"Заступник голови Комітету";"Комітет з питань економічного розвитку"
"Приходько Борис Вікторович";"Член Комітету";"Комітет з питань економічного розвитку"
"Рущишин Ярослав Іванович";"Секретар Комітету";"Комітет з питань економічного розвитку"
"Скорик Микола Леонідович";"Член Комітету";"Комітет з питань економічного розвитку"
"Тарута Сергій Олексійович";"Перший заступник голови Комітету";"Комітет з питань економічного розвитку"
"Шевченко Євгеній Володимирович";"Голова підкомітету";"Комітет з питань економічного розвитку"
"Бондар Михайло Леонтійович";"Голова підкомітету";"Комітет з питань енергетики та житлово-комунальних послуг"
"Волинець Михайло Якович";"Голова підкомітету";"Комітет з питань енергетики та житлово-комунальних послуг"
"Герус Андрій Михайлович";"Голова Комітету";"Комітет з питань енергетики та житлово-комунальних послуг"
"Горобець Олександр Сергійович";"Голова підкомітету";"Комітет з питань енергетики та житлово-комунальних послуг"
"Гриб Вікторія Олександрівна";"Член Комітету";"Комітет з питань енергетики та житлово-комунальних послуг"
"Єфімов Максим Вікторович";"Член Комітету";"Комітет з питань енергетики та житлово-комунальних послуг"
"Жупанин Андрій Вікторович";"Голова підкомітету";"Комітет з питань енергетики та житлово-комунальних послуг"
"Іоффе Юлій Якович";"Заступник голови Комітету";"Комітет з питань енергетики та житлово-комунальних послуг"
"Камельчук Юрій Олександрович";"Член Комітету";"Комітет з питань енергетики та житлово-комунальних послуг"
"Кісільов Ігор Петрович";"Член Комітету";"Комітет з питань енергетики та житлово-комунальних послуг"
"Кіт Андрій Богданович";"Голова підкомітету";"Комітет з питань енергетики та житлово-комунальних послуг"
"Костюх Анатолій Вячеславович";"Член Комітету";"Комітет з питань енергетики та житлово-комунальних послуг"
"Кучеренко Олексій Юрійович";"Перший заступник голови Комітету";"Комітет з питань енергетики та житлово-комунальних послуг"
"Мороз Володимир Вікторович";"Голова підкомітету";"Комітет з питань енергетики та житлово-комунальних послуг"
"Мулик Роман Миронович";"Заступник голови Комітету";"Комітет з питань енергетики та житлово-комунальних послуг"
"Нагорняк Сергій Володимирович";"Голова підкомітету";"Комітет з питань енергетики та житлово-комунальних послуг"
"Пивоваров Євген Павлович";"Голова підкомітету";"Комітет з питань енергетики та житлово-комунальних послуг"
"Припутень Дмитро Сергійович";"Голова підкомітету";"Комітет з питань енергетики та житлово-комунальних послуг"
"Семінський Олег Валерійович";"Заступник голови Комітету";"Комітет з питань енергетики та житлово-комунальних послуг"
"Скороход Анна Костянтинівна";"Член Комітету";"Комітет з питань енергетики та житлово-комунальних послуг"
"Совсун Інна Романівна";"Член Комітету";"Комітет з питань енергетики та житлово-комунальних послуг"
"Шаповалов Юрій Анатолійович";"Секретар Комітету";"Комітет з питань енергетики та житлово-комунальних послуг"
"Шипайло Остап Ігорович";"Голова підкомітету";"Комітет з питань енергетики та житлово-комунальних послуг"
"Юрченко Олександр Миколайович";"Голова підкомітету";"Комітет з питань енергетики та житлово-комунальних послуг"
"Булах Лада Валентинівна";"Голова підкомітету";"Комітет з питань здоров'я нації, медичної допомоги та медичного страхування"
"Вагнєр Вікторія Олександрівна";"Член Комітету";"Комітет з питань здоров'я нації, медичної допомоги та медичного страхування"
"Дмитрієва Оксана Олександрівна";"Заступник голови Комітету, голова підкомітету Комітету";"Комітет з питань здоров'я нації, медичної допомоги та медичного страхування"
"Довгий Олесь Станіславович";"Голова підкомітету";"Комітет з питань здоров'я нації, медичної допомоги та медичного страхування"
"Дубіль Валерій Олександрович";"Перший заступник голови Комітету, голова підкомітету Комітету";"Комітет з питань здоров'я нації, медичної допомоги та медичного страхування"
"Дубневич Ярослав Васильович";"Голова підкомітету";"Комітет з питань здоров'я нації, медичної допомоги та медичного страхування"
"Дубнов Артем Васильович";"Заступник голови Комітету";"Комітет з питань здоров'я нації, медичної допомоги та медичного страхування"
"Заславський Юрій Іванович";"Член Комітету";"Комітет з питань здоров'я нації, медичної допомоги та медичного страхування"
"Зінкевич Яна Вадимівна";"Секретар Комітету, голова підкомітету Комітету";"Комітет з питань здоров'я нації, медичної допомоги та медичного страхування"
"Зуб Валерій Олексійович";"Голова підкомітету";"Комітет з питань здоров'я нації, медичної допомоги та медичного страхування"
"Кузьміних Сергій Володимирович";"Голова підкомітету";"Комітет з питань здоров'я нації, медичної допомоги та медичного страхування"
"Макаренко Михайло Васильович";"Заступник голови Комітету, голова підкомітету Комітету";"Комітет з питань здоров'я нації, медичної допомоги та медичного страхування"
"Перебийніс Максим Вікторович";"Голова підкомітету";"Комітет з питань здоров'я нації, медичної допомоги та медичного страхування"
"Радуцький Михайло Борисович";"Голова Комітету";"Комітет з питань здоров'я нації, медичної допомоги та медичного страхування"
"Стефанишина Ольга Анатоліївна";"Член Комітету";"Комітет з питань здоров'я нації, медичної допомоги та медичного страхування"
"Ананченко Михайло Олегович";"Голова підкомітету";"Комітет з питань зовнішньої політики та міжпарламентського співробітництва"
"Бардіна Марина Олегівна";"Заступник голови Комітету, голова підкомітету Комітету";"Комітет з питань зовнішньої політики та міжпарламентського співробітництва"
"Бобровська Соломія Анатоліївна";"Секретар Комітету";"Комітет з питань зовнішньої політики та міжпарламентського співробітництва"
"Геращенко Ірина Володимирівна";"Член Комітету";"Комітет з питань зовнішньої політики та міжпарламентського співробітництва"
"Іонова Марія Миколаївна";"Голова підкомітету";"Комітет з питань зовнішньої політики та міжпарламентського співробітництва"
"Льовочкіна Юлія Володимирівна";"Заступник голови Комітету";"Комітет з питань зовнішньої політики та міжпарламентського співробітництва"
"Мережко Олександр Олександрович";"Голова Комітету";"Комітет з питань зовнішньої політики та міжпарламентського співробітництва"
"Немиря Григорій Михайлович";"Перший заступник голови Комітету, голова підкомітету Комітету";"Комітет з питань зовнішньої політики та міжпарламентського співробітництва"
"Руденко Ольга Сергіївна";"Член Комітету";"Комітет з питань зовнішньої політики та міжпарламентського співробітництва"
"Хоменко Олена Вікторівна";"Голова підкомітету";"Комітет з питань зовнішньої політики та міжпарламентського співробітництва"
"Шараськін Андрій Андрійович";"Голова підкомітету";"Комітет з питань зовнішньої політики та міжпарламентського співробітництва"
"Юраш Святослав Андрійович";"Голова підкомітету";"Комітет з питань зовнішньої політики та міжпарламентського співробітництва"
"Яременко Богдан Васильович";"Член Комітету";"Комітет з питань зовнішньої політики та міжпарламентського співробітництва"
"Ясько Єлизавета Олексіївна";"Голова підкомітету";"Комітет з питань зовнішньої політики та міжпарламентського співробітництва"
"Вінтоняк Олена Василівна";"Голова підкомітету";"Комітет з питань інтеграції України до Європейського Союзу"
"Волошин Олег Анатолійович";"Заступник голови Комітету";"Комітет з питань інтеграції України до Європейського Союзу"
"Галайчук Вадим Сергійович";"Перший заступник голови Комітету";"Комітет з питань інтеграції України до Європейського Союзу"
"Климпуш-Цинцадзе Іванна Орестівна";"Голова Комітету";"Комітет з питань інтеграції України до Європейського Союзу"
"Любота Дмитро Валерійович";"Голова підкомітету";"Комітет з питань інтеграції України до Європейського Союзу"
"Мезенцева Марія Сергіївна";"Заступник голови Комітету, голова підкомітету Комітету";"Комітет з питань інтеграції України до Європейського Союзу"
"Мельник Павло Вікторович";"Голова підкомітету";"Комітет з питань інтеграції України до Європейського Союзу"
"Наливайченко Валентин Олександрович";"Секретар Комітету";"Комітет з питань інтеграції України до Європейського Союзу"
"Порошенко Петро Олексійович";"Член Комітету";"Комітет з питань інтеграції України до Європейського Союзу"
"Беленюк Жан Венсанович";"Перший заступник голови Комітету";"Комітет з питань молоді і спорту"
"Борзова Ірина Наумівна";"Голова підкомітету";"Комітет з питань молоді і спорту"
"Кожем'якін Андрій Анатолійович";"Голова Комітету";"Комітет з питань молоді і спорту"
"Мазурашу Георгій Георгійович";"Голова підкомітету";"Комітет з питань молоді і спорту"
"Мокан Василь Іванович";"Заступник голови Комітету, голова підкомітету Комітету";"Комітет з питань молоді і спорту"
"Саладуха Ольга Валеріївна";"Голова підкомітету";"Комітет з питань молоді і спорту"
"Суркіс Григорій Михайлович";"Секретар Комітету";"Комітет з питань молоді і спорту"
"Арахамія Давид Георгійович";"Голова підкомітету";"Комітет з питань національної безпеки, оборони та розвідки"
"Безугла Мар'яна Володимирівна";"Заступник голови Комітету, голова підкомітету Комітету";"Комітет з питань національної безпеки, оборони та розвідки"
"Березін Максим Юрійович";"Голова підкомітету";"Комітет з питань національної безпеки, оборони та розвідки"
"Веніславський Федір Володимирович";"Член Комітету";"Комітет з питань національної безпеки, оборони та розвідки"
"Верещук Ірина Андріївна";"Голова підкомітету";"Комітет з питань національної безпеки, оборони та розвідки"
"Герасименко Ігор Леонідович";"Член Комітету";"Комітет з питань національної безпеки, оборони та розвідки"
"Забродський Михайло Віталійович";"Перший заступник голови Комітету";"Комітет з питань національної безпеки, оборони та розвідки"
"Завітневич Олександр Михайлович";"Голова Комітету";"Комітет з питань національної безпеки, оборони та розвідки"
"Здебський Юрій Вікторович";"Член Комітету";"Комітет з питань національної безпеки, оборони та розвідки"
"Касай Геннадій Олександрович";"Член Комітету";"Комітет з питань національної безпеки, оборони та розвідки"
"Ковальов Олександр Іванович";"Член Комітету";"Комітет з питань національної безпеки, оборони та розвідки"
"Копитін Ігор Володимирович";"Голова підкомітету";"Комітет з питань національної безпеки, оборони та розвідки"
"Костенко Роман Васильович";"Секретар Комітету";"Комітет з питань національної безпеки, оборони та розвідки"
"Льовочкін Сергій Володимирович";"Член Комітету";"Комітет з питань національної безпеки, оборони та розвідки"
"Мисягін Юрій Михайлович";"Заступник голови Комітету";"Комітет з питань національної безпеки, оборони та розвідки"
"Парубій Андрій Володимирович";"Член Комітету";"Комітет з питань національної безпеки, оборони та розвідки"
"Рахманін Сергій Іванович";"Член Комітету";"Комітет з питань національної безпеки, оборони та розвідки"
"Аліксійчук Олександр Васильович";"Член Комітету";"Комітет з питань організації державної влади, місцевого самоврядування, регіонального розвитку та містобудування"
"Балога Віктор Іванович";"Член Комітету";"Комітет з питань організації державної влади, місцевого самоврядування, регіонального розвитку та містобудування"
"Безгін Віталій Юрійович";"Голова підкомітету";"Комітет з питань організації державної влади, місцевого самоврядування, регіонального розвитку та містобудування"
"Білозір Лариса Миколаївна";"Голова підкомітету";"Комітет з питань організації державної влади, місцевого самоврядування, регіонального розвитку та містобудування"
"Бондар Ганна Вячеславівна";"Голова підкомітету";"Комітет з питань організації державної влади, місцевого самоврядування, регіонального розвитку та містобудування"
"Гузь Ігор Володимирович";"Заступник голови Комітету";"Комітет з питань організації державної влади, місцевого самоврядування, регіонального розвитку та містобудування"
"Гурін Дмитро Олександрович";"Член Комітету";"Комітет з питань організації державної влади, місцевого самоврядування, регіонального розвитку та містобудування"
"Дунда Олег Андрійович";"Голова підкомітету";"Комітет з питань організації державної влади, місцевого самоврядування, регіонального розвитку та містобудування"
"Загоруйко Аліна Леонідівна";"Заступник голови Комітету, голова підкомітету Комітету";"Комітет з питань організації державної влади, місцевого самоврядування, регіонального розвитку та містобудування"
"Іванов Володимир Ілліч";"Голова підкомітету";"Комітет з питань організації державної влади, місцевого самоврядування, регіонального розвитку та містобудування"
"Ісаєнко Дмитро Валерійович";"Секретар Комітету";"Комітет з питань організації державної влади, місцевого самоврядування, регіонального розвитку та містобудування"
"Кальцев Володимир Федорович";"Член Комітету";"Комітет з питань організації державної влади, місцевого самоврядування, регіонального розвитку та містобудування"
"Качура Олександр Анатолійович";"Заступник голови Комітету";"Комітет з питань організації державної влади, місцевого самоврядування, регіонального розвитку та містобудування"
"Клочко Андрій Андрійович";"Голова Комітету";"Комітет з питань організації державної влади, місцевого самоврядування, регіонального розвитку та містобудування"
"Корнієнко Олександр Сергійович";"Голова підкомітету";"Комітет з питань організації державної влади, місцевого самоврядування, регіонального розвитку та містобудування"
"Літвінов Олександр Миколайович";"Голова підкомітету";"Комітет з питань організації державної влади, місцевого самоврядування, регіонального розвитку та містобудування"
"Лозинський Роман Михайлович";"Перший заступник голови Комітету";"Комітет з питань організації державної влади, місцевого самоврядування, регіонального розвитку та містобудування"
"Микиша Дмитро Сергійович";"Член Комітету";"Комітет з питань організації державної влади, місцевого самоврядування, регіонального розвитку та містобудування"
"М'ялик Віктор Ничипорович";"Член Комітету";"Комітет з питань організації державної влади, місцевого самоврядування, регіонального розвитку та містобудування"
"Плачкова Тетяна Михайлівна";"Член Комітету";"Комітет з питань організації державної влади, місцевого самоврядування, регіонального розвитку та містобудування"
"Поляк Владіслав Миколайович";"Член Комітету";"Комітет з питань організації державної влади, місцевого самоврядування, регіонального розвитку та містобудування"
"Рубльов Вячеслав Володимирович";"Голова підкомітету";"Комітет з питань організації державної влади, місцевого самоврядування, регіонального розвитку та містобудування"
"Саврасов Максим Віталійович";"Член Комітету";"Комітет з питань організації державної влади, місцевого самоврядування, регіонального розвитку та містобудування"
"Стріхарський Андрій Петрович";"Голова підкомітету";"Комітет з питань організації державної влади, місцевого самоврядування, регіонального розвитку та містобудування"
"Чорний Дмитро Сергійович";"Член Комітету";"Комітет з питань організації державної влади, місцевого самоврядування, регіонального розвитку та містобудування"
"Шуляк Олена Олексіївна";"Заступник голови Комітету";"Комітет з питань організації державної влади, місцевого самоврядування, регіонального розвитку та містобудування"
"Юнаков Іван Сергійович";"Голова підкомітету";"Комітет з питань організації державної влади, місцевого самоврядування, регіонального розвитку та містобудування"
"Бабак Сергій Віталійович";"Голова Комітету";"Комітет з питань освіти, науки та інновацій"
"Воронов Володимир Анатолійович";"Голова підкомітету";"Комітет з питань освіти, науки та інновацій"
"Гришина Юлія Миколаївна";"Голова підкомітету";"Комітет з питань освіти, науки та інновацій"
"Грищук Роман Павлович";"Голова підкомітету";"Комітет з питань освіти, науки та інновацій"
"Кириленко Іван Григорович";"Член Комітету";"Комітет з питань освіти, науки та інновацій"
"Коваль Ольга Володимирівна";"Голова підкомітету";"Комітет з питань освіти, науки та інновацій"
"Колебошин Сергій Валерійович";"Заступник голови Комітету";"Комітет з питань освіти, науки та інновацій"
"Колюх Валерій Вікторович";"Голова підкомітету";"Комітет з питань освіти, науки та інновацій"
"Лис Олена Георгіївна";"Голова підкомітету";"Комітет з питань освіти, науки та інновацій"
"Лукашев Олександр Анатолійович";"Перший заступник голови Комітету";"Комітет з питань освіти, науки та інновацій"
"Павленко Ростислав Миколайович";"Член Комітету";"Комітет з питань освіти, науки та інновацій"
"Піпа Наталія Романівна";"Секретар Комітету";"Комітет з питань освіти, науки та інновацій"
"Бойко Юрій Анатолійович";"Член Комітету";"Комітет з питань прав людини, деокупації та реінтеграції тимчасово окупованих територій у Донецькій, Луганській областях та Автономної Республіки Крим, міста Севастополя, національних меншин і міжнаціональних відносин"
"Горбенко Руслан Олександрович";"Заступник голови Комітету";"Комітет з питань прав людини, деокупації та реінтеграції тимчасово окупованих територій у Донецькій, Луганській областях та Автономної Республіки Крим, міста Севастополя, національних меншин і міжнаціональних відносин"
"Джемілєв Мустафа";"Член Комітету";"Комітет з питань прав людини, деокупації та реінтеграції тимчасово окупованих територій у Донецькій, Луганській областях та Автономної Республіки Крим, міста Севастополя, національних меншин і міжнаціональних відносин"
"Касай Костянтин Іванович";"Голова підкомітету";"Комітет з питань прав людини, деокупації та реінтеграції тимчасово окупованих територій у Донецькій, Луганській областях та Автономної Республіки Крим, міста Севастополя, національних меншин і міжнаціональних відносин"
"Копиленко Олександр Любимович";"Член Комітету";"Комітет з питань прав людини, деокупації та реінтеграції тимчасово окупованих територій у Донецькій, Луганській областях та Автономної Республіки Крим, міста Севастополя, національних меншин і міжнаціональних відносин"
"Кузнєцов Олексій Олександрович";"Голова підкомітету";"Комітет з питань прав людини, деокупації та реінтеграції тимчасово окупованих територій у Донецькій, Луганській областях та Автономної Республіки Крим, міста Севастополя, національних меншин і міжнаціональних відносин"
"Лубінець Дмитро Валерійович";"Голова Комітету";"Комітет з питань прав людини, деокупації та реінтеграції тимчасово окупованих територій у Донецькій, Луганській областях та Автономної Республіки Крим, міста Севастополя, національних меншин і міжнаціональних відносин"
"Медведчук Віктор Володимирович";"Член Комітету";"Комітет з питань прав людини, деокупації та реінтеграції тимчасово окупованих територій у Донецькій, Луганській областях та Автономної Республіки Крим, міста Севастополя, національних меншин і міжнаціональних відносин"
"Новинський Вадим Владиславович";"Член Комітету";"Комітет з питань прав людини, деокупації та реінтеграції тимчасово окупованих територій у Донецькій, Луганській областях та Автономної Республіки Крим, міста Севастополя, національних меншин і міжнаціональних відносин"
"Рабінович Вадим Зіновійович";"Голова підкомітету";"Комітет з питань прав людини, деокупації та реінтеграції тимчасово окупованих територій у Донецькій, Луганській областях та Автономної Республіки Крим, міста Севастополя, національних меншин і міжнаціональних відносин"
"Тарасенко Тарас Петрович";"Голова підкомітету";"Комітет з питань прав людини, деокупації та реінтеграції тимчасово окупованих територій у Донецькій, Луганській областях та Автономної Республіки Крим, міста Севастополя, національних меншин і міжнаціональних відносин"
"Ткаченко Максим Миколайович";"Перший заступник голови Комітету";"Комітет з питань прав людини, деокупації та реінтеграції тимчасово окупованих територій у Донецькій, Луганській областях та Автономної Республіки Крим, міста Севастополя, національних меншин і міжнаціональних відносин"
"Умєров Рустем Енверович";"Секретар Комітету";"Комітет з питань прав людини, деокупації та реінтеграції тимчасово окупованих територій у Донецькій, Луганській областях та Автономної Республіки Крим, міста Севастополя, національних меншин і міжнаціональних відносин"
"Чийгоз Ахтем Зейтуллайович";"Голова підкомітету";"Комітет з питань прав людини, деокупації та реінтеграції тимчасово окупованих територій у Донецькій, Луганській областях та Автономної Республіки Крим, міста Севастополя, національних меншин і міжнаціональних відносин"
"Яковлєва Неллі Іллівна";"Заступник голови Комітету, голова підкомітету Комітету";"Комітет з питань прав людини, деокупації та реінтеграції тимчасово окупованих територій у Донецькій, Луганській областях та Автономної Республіки Крим, міста Севастополя, національних меншин і міжнаціональних відносин"
"Бабій Роман Вячеславович";"Голова підкомітету";"Комітет з питань правової політики"
"Божик Валерій Іванович";"Заступник голови Комітету";"Комітет з питань правової політики"
"Ватрас Володимир Антонович";"Голова підкомітету";"Комітет з питань правової політики"
"Вельможний Сергій Анатолійович";"Член Комітету";"Комітет з питань правової політики"
"Власенко Сергій Володимирович";"Член Комітету";"Комітет з питань правової політики"
"Демченко Сергій Олексійович";"Член Комітету";"Комітет з питань правової політики"
"Дирдін Максим Євгенович";"Член Комітету";"Комітет з питань правової політики"
"Калаур Іван Романович";"Голова підкомітету";"Комітет з питань правової політики"
"Князевич Руслан Петрович";"Член Комітету";"Комітет з питань правової політики"
"Костін Андрій Євгенович";"Голова Комітету";"Комітет з питань правової політики"
"Макаров Олег Анатолійович";"Секретар Комітету";"Комітет з питань правової політики"
"Маслов Денис Вячеславович";"Член Комітету";"Комітет з питань правової політики"
"Німченко Василь Іванович";"Перший заступник голови Комітету";"Комітет з питань правової політики"
"Новіков Михайло Миколайович";"Член Комітету";"Комітет з питань правової політики"
"Павліш Павло Васильович";"Член Комітету";"Комітет з питань правової політики"
"Пузанов Олександр Геннадійович";"Член Комітету";"Комітет з питань правової політики"
"Соболєв Сергій Владиславович";"Член Комітету";"Комітет з питань правової політики"
"Совгиря Ольга Володимирівна";"Заступник голови Комітету, голова підкомітету Комітету";"Комітет з питань правової політики"
"Стефанчук Микола Олексійович";"Член Комітету";"Комітет з питань правової політики"
"Торохтій Богдан Григорович";"Член Комітету";"Комітет з питань правової політики"
"Фріс Ігор Павлович";"Голова підкомітету";"Комітет з питань правової політики"
"Шпенов Дмитро Юрійович";"Член Комітету";"Комітет з питань правової політики"
"Алєксєєв Сергій Олегович";"Голова підкомітету";"Комітет з питань правоохоронної діяльності"
"Арешонков Володимир Юрійович";"Член Комітету";"Комітет з питань правоохоронної діяльності"
"Бакумов Олександр Сергійович";"Голова підкомітету";"Комітет з питань правоохоронної діяльності"
"Бородін Владислав Валерійович";"Член Комітету";"Комітет з питань правоохоронної діяльності"
"Бужанський Максим Аркадійович";"Член Комітету";"Комітет з питань правоохоронної діяльності"
"Галушко Микола Леонідович";"Член Комітету";"Комітет з питань правоохоронної діяльності"
"Данілов Віталій Богданович";"Член Комітету";"Комітет з питань правоохоронної діяльності"
"Дануца Олександр Анатолійович";"Голова підкомітету";"Комітет з питань правоохоронної діяльності"
"Дмитрук Артем Геннадійович";"Член Комітету";"Комітет з питань правоохоронної діяльності"
"Захарченко Володимир Васильович";"Член Комітету";"Комітет з питань правоохоронної діяльності"
"Іонушас Сергій Костянтинович";"Заступник голови Комітету";"Комітет з питань правоохоронної діяльності"
"Кива Ілля Володимирович";"Член Комітету";"Комітет з питань правоохоронної діяльності"
"Колєв Олег Вікторович";"Член Комітету";"Комітет з питань правоохоронної діяльності"
"Куницький Олександр Олегович";"Член Комітету";"Комітет з питань правоохоронної діяльності"
"Мамка Григорій Миколайович";"Заступник голови Комітету";"Комітет з питань правоохоронної діяльності"
"Мамоян Суто Чолоєвич";"Член Комітету";"Комітет з питань правоохоронної діяльності"
"Медяник В'ячеслав Анатолійович";"Голова підкомітету";"Комітет з питань правоохоронної діяльності"
"Михайлюк Галина Олегівна";"Заступник голови Комітету";"Комітет з питань правоохоронної діяльності"
"Мінько Сергій Анатолійович";"Секретар Комітету";"Комітет з питань правоохоронної діяльності"
"Неклюдов Владлен Михайлович";"Голова підкомітету";"Комітет з питань правоохоронної діяльності"
"Осадчук Андрій Петрович";"Перший заступник голови Комітету";"Комітет з питань правоохоронної діяльності"
"Павлюк Максим Васильович";"Заступник голови Комітету";"Комітет з питань правоохоронної діяльності"
"Устінова Олександра Юріївна";"Член Комітету";"Комітет з питань правоохоронної діяльності"
"Яцик Юлія Григорівна";"Голова підкомітету";"Комітет з питань правоохоронної діяльності"
"Гринчук Оксана Анатоліївна";"Голова підкомітету";"Комітет з питань Регламенту, депутатської етики та організації роботи Верховної Ради України"
"Євтушок Сергій Миколайович";"Перший заступник голови Комітету";"Комітет з питань Регламенту, депутатської етики та організації роботи Верховної Ради України"
"Загородній Юрій Іванович";"Голова підкомітету";"Комітет з питань Регламенту, депутатської етики та організації роботи Верховної Ради України"
"Кальченко Сергій Віталійович";"Голова Комітету";"Комітет з питань Регламенту, депутатської етики та організації роботи Верховної Ради України"
"Культенко Артем Валерійович";"Заступник голови Комітету";"Комітет з питань Регламенту, депутатської етики та організації роботи Верховної Ради України"
"Марченко Людмила Іванівна";"Голова підкомітету";"Комітет з питань Регламенту, депутатської етики та організації роботи Верховної Ради України"
"Папієв Михайло Миколайович";"Секретар Комітету";"Комітет з питань Регламенту, депутатської етики та організації роботи Верховної Ради України"
"Приходько Наталія Ігорівна";"Голова підкомітету";"Комітет з питань Регламенту, депутатської етики та організації роботи Верховної Ради України"
"Савченко Ольга Станіславівна";"Заступник голови Комітету";"Комітет з питань Регламенту, депутатської етики та організації роботи Верховної Ради України"
"Синютка Олег Михайлович";"Голова підкомітету";"Комітет з питань Регламенту, депутатської етики та організації роботи Верховної Ради України"
"Фролов Павло Валерійович";"Голова підкомітету";"Комітет з питань Регламенту, депутатської етики та організації роботи Верховної Ради України"
"Брагар Євгеній Вадимович";"Заступник голови Комітету";"Комітет з питань свободи слова"
"Санченко Олександр Володимирович";"Член Комітету";"Комітет з питань свободи слова"
"Циба Тетяна Вікторівна";"Голова підкомітету";"Комітет з питань свободи слова"
"Швець Сергій Федорович";"Секретар Комітету, голова підкомітету Комітету";"Комітет з питань свободи слова"
"Шуфрич Нестор Іванович";"Голова Комітету";"Комітет з питань свободи слова"
"Арсенюк Олег Олексійович";"Голова підкомітету";"Комітет з питань соціальної політики та захисту прав ветеранів"
"Бабенко Микола Вікторович";"Секретар Комітету, голова підкомітету Комітету";"Комітет з питань соціальної політики та захисту прав ветеранів"
"Гривко Сергій Дмитрович";"Голова підкомітету";"Комітет з питань соціальної політики та захисту прав ветеранів"
"Королевська Наталія Юріївна";"Заступник голови Комітету";"Комітет з питань соціальної політики та захисту прав ветеранів"
"Остапенко Анатолій Дмитрович";"Голова підкомітету";"Комітет з питань соціальної політики та захисту прав ветеранів"
"Струневич Вадим Олегович";"Заступник голови Комітету";"Комітет з питань соціальної політики та захисту прав ветеранів"
"Тимошенко Юлія Володимирівна";"Член Комітету";"Комітет з питань соціальної політики та захисту прав ветеранів"
"Третьякова Галина Миколаївна";"Голова Комітету";"Комітет з питань соціальної політики та захисту прав ветеранів"
"Цимбалюк Михайло Михайлович";"Перший заступник голови Комітету";"Комітет з питань соціальної політики та захисту прав ветеранів"
"Бондар Віктор Васильович";"Член Комітету";"Комітет з питань транспорту та інфраструктури"
"Бондарєв Костянтин Анатолійович";"Голова підкомітету";"Комітет з питань транспорту та інфраструктури"
"Василів Ігор Володимирович";"Член Комітету";"Комітет з питань транспорту та інфраструктури"
"Васильковський Ігор Ігорович";"Голова підкомітету";"Комітет з питань транспорту та інфраструктури"
"Вацак Геннадій Анатолійович";"Секретар Комітету";"Комітет з питань транспорту та інфраструктури"
"Величкович Микола Романович";"Член Комітету";"Комітет з питань транспорту та інфраструктури"
"Горенюк Олександр Олександрович";"Член Комітету";"Комітет з питань транспорту та інфраструктури"
"Зуєв Максим Сергійович";"Голова підкомітету";"Комітет з питань транспорту та інфраструктури"
"Кісєль Юрій Григорович";"Голова Комітету";"Комітет з питань транспорту та інфраструктури"
"Клименко Юлія Леонідівна";"Перший заступник голови Комітету";"Комітет з питань транспорту та інфраструктури"
"Ковальов Артем Володимирович";"Голова підкомітету";"Комітет з питань транспорту та інфраструктури"
"Козак Володимир Васильович";"Член Комітету";"Комітет з питань транспорту та інфраструктури"
"Корявченков Юрій Валерійович";"Голова підкомітету";"Комітет з питань транспорту та інфраструктури"
"Крейденко Володимир Вікторович";"Заступник голови Комітету";"Комітет з питань транспорту та інфраструктури"
"Мурдій Ігор Юрійович";"Член Комітету";"Комітет з питань транспорту та інфраструктури"
"Негулевський Ігор Петрович";"Голова підкомітету";"Комітет з питань транспорту та інфраструктури"
"Павловський Петро Іванович";"Голова підкомітету";"Комітет з питань транспорту та інфраструктури"
"Пашковський Максим Ігорович";"Член Комітету";"Комітет з питань транспорту та інфраструктури"
"Пономарьов Олександр Сергійович";"Член Комітету";"Комітет з питань транспорту та інфраструктури"
"Савчук Оксана Василівна";"Голова підкомітету";"Комітет з питань транспорту та інфраструктури"
"Сухов Олександр Сергійович";"Член Комітету";"Комітет з питань транспорту та інфраструктури"
"Тищенко Микола Миколайович";"Заступник голови Комітету";"Комітет з питань транспорту та інфраструктури"
"Абрамович Ігор Олександрович";"Заступник голови Комітету";"Комітет з питань фінансів, податкової та митної політики"
"Аллахвердієва Ірина Валеріївна";"Голова підкомітету";"Комітет з питань фінансів, податкової та митної політики"
"Василевська-Смаглюк Ольга Михайлівна";"Голова підкомітету";"Комітет з питань фінансів, податкової та митної політики"
"Васильченко Галина Іванівна";"Член Комітету";"Комітет з питань фінансів, податкової та митної політики"
"Володіна Дар'я Артемівна";"Голова підкомітету";"Комітет з питань фінансів, податкової та митної політики"
"Воронько Олег Євгенійович";"Член Комітету";"Комітет з питань фінансів, податкової та митної політики"
"Герега Олександр Володимирович";"Голова підкомітету";"Комітет з питань фінансів, податкової та митної політики"
"Гетманцев Данило Олександрович";"Голова Комітету";"Комітет з питань фінансів, податкової та митної політики"
"Горват Роберт Іванович";"Голова підкомітету";"Комітет з питань фінансів, податкової та митної політики"
"Діденко Юлія Олександрівна";"Голова підкомітету";"Комітет з питань фінансів, податкової та митної політики"
"Дубінський Олександр Анатолійович";"Заступник голови Комітету";"Комітет з питань фінансів, податкової та митної політики"
"Железняк Ярослав Іванович";"Перший заступник голови Комітету";"Комітет з питань фінансів, податкової та митної політики"
"Заблоцький Мар'ян Богданович";"Голова підкомітету";"Комітет з питань фінансів, податкової та митної політики"
"Іванчук Андрій Володимирович";"Голова підкомітету";"Комітет з питань фінансів, податкової та митної політики"
"Кінзбурська Вікторія Олександрівна";"Член Комітету";"Комітет з питань фінансів, податкової та митної політики"
"Ковальов Олексій Іванович";"Голова підкомітету";"Комітет з питань фінансів, податкової та митної політики"
"Ковальчук Олександр Володимирович";"Заступник голови Комітету";"Комітет з питань фінансів, податкової та митної політики"
"Козак Тарас Романович";"Член Комітету";"Комітет з питань фінансів, податкової та митної політики"
"Колісник Анна Сергіївна";"Член Комітету";"Комітет з питань фінансів, податкової та митної політики"
"Кулініч Олег Іванович";"Член Комітету";"Комітет з питань фінансів, податкової та митної політики"
"Леонов Олексій Олександрович";"Голова підкомітету";"Комітет з питань фінансів, податкової та митної політики"
"Ляшенко Анастасія Олексіївна";"Член Комітету";"Комітет з питань фінансів, податкової та митної політики"
"Марусяк Олег Романович";"Голова підкомітету";"Комітет з питань фінансів, податкової та митної політики"
"Мотовиловець Андрій Вікторович";"Член Комітету";"Комітет з питань фінансів, податкової та митної політики"
"Ніколаєнко Андрій Іванович";"Голова підкомітету";"Комітет з питань фінансів, податкової та митної політики"
"Палиця Ігор Петрович";"Секретар Комітету";"Комітет з питань фінансів, податкової та митної політики"
"Петруняк Євген Васильович";"Член Комітету";"Комітет з питань фінансів, податкової та митної політики"
"Рєпіна Елла Анатоліївна";"Голова підкомітету";"Комітет з питань фінансів, податкової та митної політики"
"Сова Олександр Георгійович";"Голова підкомітету";"Комітет з питань фінансів, податкової та митної політики"
"Солод Юрій Васильович";"Член Комітету";"Комітет з питань фінансів, податкової та митної політики"
"Устенко Олексій Олегович";"Голова підкомітету";"Комітет з питань фінансів, податкової та митної політики"
"Холодов Андрій Іванович";"Заступник голови Комітету";"Комітет з питань фінансів, податкової та митної політики"
"Шкрум Альона Іванівна";"Член Комітету";"Комітет з питань фінансів, податкової та митної політики"
"Южаніна Ніна Петрівна";"Член Комітету";"Комітет з питань фінансів, податкової та митної політики"
"Ар'єв Володимир Ігорович";"Член Комітету";"Комітет з питань цифрової трансформації"
"Васильєв Ігор Сергійович";"Голова підкомітету";"Комітет з питань цифрової трансформації"
"Крячко Михайло Валерійович";"Голова Комітету";"Комітет з питань цифрової трансформації"
"Ларін Сергій Миколайович";"Секретар Комітету";"Комітет з питань цифрової трансформації"
"Подгорна Вікторія Валентинівна";"Голова підкомітету";"Комітет з питань цифрової трансформації"
"Рудик Кіра Олександрівна";"Перший заступник голови Комітету";"Комітет з питань цифрової трансформації"
"Соха Роман Васильович";"Член Комітету";"Комітет з питань цифрової трансформації"
"Федієнко Олександр Павлович";"Заступник голови Комітету, голова підкомітету Комітету";"Комітет з питань цифрової трансформації"
"Чернєв Єгор Володимирович";"Заступник голови Комітету, голова підкомітету Комітету";"Комітет з питань цифрової трансформації"
"Штепа Сергій Сергійович";"Голова підкомітету";"Комітет з питань цифрової трансформації"
